Cicinnurus regius, 1, 1, 0, 0:00:25.786531
Python bivittatus, 1, 1, 1, 0:00:18.990851
Gossypioides kirkii, 1, 2, 1, 0:00:17.510026
Bibasis iluska, 1, 1, 1, 0:00:15.620919
Leptopilina boulardi, 1, 4, 1, 0:00:15.335970
Leptopilina clavipes, 1, 1, 0, 0:00:24.166578
Leptopilina heterotoma, 1, 5, 2, 0:00:18.638807
Diacronema lutheri, 1, 2, 0, 0:00:13.823644
Berkeleyomyces basicola, 1, 1, 1, 0:00:17.057587
Scartelaos histophorus, 1, 1, 1, 0:00:14.495742
Nysson spinosus, 1, 2, 0, 0:00:19.310472
Limulus polyphemus, 1, 1, 1, 0:00:13.777551
Intubia oerlemansii, 1, 1, 1, 0:00:15.246712
Tetradesmus acuminatus, 1, 1, 0, 0:00:16.793436
Tetradesmus obliquus, 1, 3, 0, 0:00:20.151826
Cristatella mucedo, 1, 1, 0, 0:00:21.963822
Lycium barbarum, 1, 1, 1, 0:00:19.013243
Recurvirostra avosetta, 1, 1, 1, 0:00:17.170135
Arthrinium phaeospermum, 1, 1, 0, 0:00:15.998366
Arthrinium puccinioides, 1, 1, 1, 0:00:21.375089
Arthrinium sp. KUC21332, 1, 1, 1, 0:00:18.683701
Nautilus pompilius, 1, 1, 1, 0:00:18.082988
Cyanodermella asteris, 1, 1, 0, 0:00:17.444272
Rhopilema esculentum, 1, 1, 0, 0:00:18.265449
Debaryomyces fabryi, 1, 2, 2, 0:00:19.588954
Debaryomyces hansenii, 1, 12, 3, 0:00:28.416559
Debaryomyces maramus, 1, 1, 1, 0:00:20.472083
Debaryomyces nepalensis, 1, 1, 1, 0:00:20.117709
Debaryomyces prosopidis, 1, 1, 1, 0:00:20.240087
Debaryomyces subglobosus, 1, 1, 1, 0:00:25.115738
Pyrenochaeta sp. DS3sAY3a, 1, 1, 0, 0:00:17.126143
Cryphonectria carpinicola, 1, 2, 0, 0:00:18.085120
Cryphonectria japonica, 1, 3, 0, 0:00:17.985552
Cryphonectria macrospora, 1, 1, 0, 0:00:15.753177
Cryphonectria naterciae, 1, 2, 0, 0:00:17.311352
Cryphonectria nitschkei, 1, 2, 0, 0:00:18.417528
Cryphonectria parasitica, 1, 93, 1, 0:00:55.699817
Cryphonectria radicalis, 1, 7, 0, 0:00:21.312533
Aaosphaeria arxii, 1, 2, 0, 0:00:18.538807
Agrypnus murinus, 1, 2, 0, 0:00:14.771545
Jatropha curcas, 1, 4, 4, 0:00:18.805860
Calycina marina, 1, 1, 1, 0:00:15.311382
Paradoxurus hermaphroditus, 1, 1, 0, 0:00:16.024222
Peterozyma toletana, 1, 1, 1, 0:00:19.397449
Peterozyma xylosa, 1, 2, 2, 0:00:15.804090
Schrankia costaestrigalis, 1, 2, 0, 0:00:14.893192
Cyprideis torosa, 1, 1, 0, 0:00:12.897052
Byssochlamys sp. AF001, 1, 1, 0, 0:00:14.863120
Acytostelium leptosomum, 1, 1, 0, 0:00:17.485112
Acytostelium subglobosum, 1, 1, 1, 0:00:24.374975
Nannizzia gypsea, 1, 1, 0, 0:00:13.296419
Calycopis cecrops, 1, 2, 2, 0:00:19.197093
Eupsilia transversa, 1, 2, 0, 0:00:14.891555
Wilcoxina mikolae, 1, 1, 1, 0:00:16.085667
Ascochyta fabae, 1, 1, 0, 0:00:13.386150
Ascochyta koolunga, 1, 3, 0, 0:00:19.129728
Ascochyta lentis, 1, 11, 1, 0:00:21.580156
Ascochyta rabiei, 1, 3, 2, 0:00:21.426338
Ascochyta viciae, 1, 2, 0, 0:00:19.353167
Ascochyta viciae-villosae, 1, 1, 0, 0:00:18.338435
Pyrrhopygopsis socrates, 1, 1, 1, 0:00:24.175313
Lythrypnus dalli, 1, 1, 0, 0:00:17.834082
Panaeolus cyanescens, 1, 1, 0, 0:00:21.979305
Panaeolus papilionaceus, 1, 1, 0, 0:00:19.098963
Aleadryas rufinucha, 1, 1, 0, 0:00:27.756706
Mimia cf. chiapaensis NVG-14107D03, 1, 1, 1, 0:00:17.254307
Rhynchophorus ferrugineus, 1, 3, 0, 0:00:18.362455
Caligus rogercresseyi, 1, 4, 2, 0:00:20.847397
Juglans californica, 1, 2, 0, 0:00:17.288120
Juglans cathayensis, 1, 1, 0, 0:00:19.025929
Juglans hindsii, 1, 1, 0, 0:00:17.255738
Juglans mandshurica, 1, 2, 2, 0:00:19.897914
Juglans microcarpa, 1, 3, 2, 0:00:24.216275
Juglans nigra, 1, 2, 2, 0:00:27.084205
Juglans regia, 1, 3, 3, 0:00:21.844637
Juglans sigillata, 1, 1, 0, 0:00:23.527699
Catocala fraxini, 1, 2, 0, 0:00:17.424569
Zonotrichia albicollis, 1, 2, 0, 0:00:20.308983
Physeter catodon, 1, 3, 2, 0:00:22.630640
Grifola frondosa, 1, 2, 1, 0:00:23.624787
Acanthisitta chloris, 1, 3, 1, 0:00:23.765824
Diphyllodes magnificus, 1, 1, 0, 0:00:21.346967
Dactylellina cionopaga, 1, 1, 0, 0:00:18.590261
Dactylellina haptotyla, 1, 1, 1, 0:00:22.453819
Nycticryphes semicollaris, 1, 1, 0, 0:00:17.177910
Marssonina coronariae, 1, 1, 0, 0:00:16.094342
Macleaya cordata, 1, 1, 1, 0:00:18.305806
Hydrangea macrophylla, 1, 2, 0, 0:00:17.557736
Folsomia candida, 1, 3, 0, 0:00:17.904859
Phaeodactylum tricornutum, 1, 2, 1, 0:00:27.421362
Gymnoscelis rufifasciata, 1, 2, 0, 0:00:23.651081
Syntrichia caninervis, 1, 1, 1, 0:00:16.761495
Pseudobourletiella spinata, 1, 1, 0, 0:00:16.716951
Cruorifilaria tuberocauda, 1, 1, 0, 0:00:15.495756
Chrysanthemum lavandulifolium, 1, 1, 1, 0:00:30.623373
Chrysanthemum seticuspe, 1, 2, 1, 0:00:20.486826
Lotus japonicus, 1, 1, 1, 0:00:17.118651
Piruna aea, 1, 1, 1, 0:00:20.750413
Piruna pirus, 1, 1, 1, 0:00:20.828213
Gymnopus androsaceus, 1, 1, 1, 0:00:19.508532
Collybiopsis confluens, 1, 1, 1, 0:00:24.159016
Gymnopus luxurians, 1, 1, 1, 0:00:26.624779
Cisticola juncidis, 1, 1, 0, 0:00:21.318951
Atkinsonella hypoxylon, 1, 1, 0, 0:00:19.976017
Atkinsonella texensis, 1, 2, 0, 0:00:17.616317
Dolomedes plantarius, 1, 2, 0, 0:00:16.409419
Gesta gesta, 1, 1, 1, 0:00:13.382747
Selaginella kraussiana, 1, 1, 1, 0:00:19.219194
Selaginella tamariscina, 1, 1, 0, 0:00:13.806831
Cochlearius cochlearius, 1, 1, 0, 0:00:16.527893
Gulo gulo, 1, 1, 0, 0:00:12.596422
Leucoagaricus gongylophorus, 1, 2, 0, 0:00:13.782032
Leucoagaricus leucothites, 1, 1, 1, 0:00:14.852586
Leucoagaricus sp. SymC.cos, 1, 1, 0, 0:00:14.475174
Pseudochirops albertisii, 1, 1, 0, 0:00:13.633366
Pseudochirops archeri, 1, 2, 0, 0:00:14.818024
Pseudochirops corinnae, 1, 1, 0, 0:00:13.672234
Pseudochirops cupreus, 1, 1, 0, 0:00:13.537937
Beryx splendens, 1, 1, 0, 0:00:13.402808
Geosmithia flava, 1, 1, 0, 0:00:14.214181
Geosmithia morbida, 1, 2, 0, 0:00:13.819630
Geosmithia putterillii, 1, 1, 0, 0:00:18.826518
Rozella allomycis, 1, 2, 2, 0:00:16.708124
Megalonaias nervosa, 1, 1, 1, 0:00:20.247180
Chlamydomonas applanata, 1, 1, 0, 0:00:19.208939
Chlamydomonas asymmetrica, 1, 1, 0, 0:00:16.553526
Chlamydomonas eustigma, 1, 1, 0, 0:00:14.849925
Chlamydomonas incerta, 1, 1, 0, 0:00:16.525568
Chlamydomonas reinhardtii, 1, 3, 1, 0:00:18.956790
Chlamydomonas schloesseri, 1, 1, 0, 0:00:19.192287
Chlamydomonas sp. 3112, 1, 1, 1, 0:00:20.874608
Chlamydomonas sphaeroides, 1, 1, 0, 0:00:14.211928
Limnodynastes dumerilii, 1, 1, 0, 0:00:13.279750
Protostelium mycophagum, 1, 1, 0, 0:00:14.151017
Macarthuria australis, 1, 1, 0, 0:00:13.651033
Sordaria macrospora, 1, 2, 1, 0:00:16.257794
Sordaria sp. MPI-SDFR-AT-0083, 1, 1, 0, 0:00:12.979049
Phareas burnsi, 1, 1, 1, 0:00:13.424861
Eperua falcata, 1, 1, 0, 0:00:16.178900
Leuciscus idus, 1, 2, 0, 0:00:18.582129
Leuciscus waleckii, 1, 1, 0, 0:00:19.152934
Spironucleus salmonicida, 1, 1, 1, 0:00:15.655361
Sarcophagidae sp. BV-2014, 1, 1, 1, 0:00:25.620177
Chroicocephalus maculipennis, 1, 1, 0, 0:00:18.145934
Diadegma semiclausum, 1, 1, 0, 0:00:19.463517
Locusta migratoria, 1, 1, 1, 0:00:20.224871
Nephelium lappaceum, 1, 1, 0, 0:00:15.730107
Eisenia fetida, 1, 2, 1, 0:00:42.204977
Pseudopodoces humilis, 1, 1, 0, 0:00:48.282402
Preussia sp. BSL10, 1, 1, 0, 0:00:44.901851
Carcinoscorpius rotundicauda, 1, 2, 1, 0:00:19.898071
Spheniscus demersus, 1, 1, 1, 0:00:27.976749
Spheniscus humboldti, 1, 3, 1, 0:00:18.342251
Spheniscus magellanicus, 1, 4, 1, 0:00:26.265211
Spheniscus mendiculus, 1, 2, 1, 0:00:19.426367
Pseudantechinus bilarni, 1, 1, 0, 0:00:18.519457
Pseudantechinus macdonnellensis, 1, 2, 0, 0:00:17.479988
Pseudantechinus ningbing, 1, 1, 0, 0:00:18.611378
Pseudantechinus roryi, 1, 1, 0, 0:00:27.504210
Pseudantechinus woolleyae, 1, 1, 0, 0:00:19.231182
Halicephalobus mephisto, 1, 1, 0, 0:00:16.707290
Halicephalobus sp. NKZ332, 1, 1, 1, 0:00:18.973483
Paracyprichromis brieni, 1, 2, 0, 0:00:17.322566
Paracyprichromis nigripinnis, 1, 2, 0, 0:00:16.459314
Paracyprichromis sp. 'brieni south' AB-2019, 1, 2, 0, 0:00:22.130363
Bathybates fasciatus, 1, 2, 0, 0:00:16.385449
Bathybates ferox, 1, 2, 0, 0:00:15.894268
Bathybates graueri, 1, 2, 0, 0:00:19.790665
Bathybates hornii, 1, 2, 0, 0:00:15.052173
Bathybates leo, 1, 1, 0, 0:00:20.371077
Bathybates minor, 1, 2, 0, 0:00:17.972834
Bathybates vittatus, 1, 3, 0, 0:00:15.201533
Clupea harengus, 1, 4, 2, 0:00:29.325555
Cephise aelius, 1, 1, 1, 0:00:17.806016
Deakozyma indianensis, 1, 1, 1, 0:00:17.950099
Acleris emargana, 1, 2, 0, 0:00:35.142204
Acleris sparsana, 1, 2, 0, 0:00:21.626205
Charaxes varanes, 1, 1, 1, 0:00:38.549886
Erythrocebus patas, 1, 2, 0, 0:01:05.829878
0:01:58.516783
Endocarpon pusillum, 1, 3, 2, 0:00:20.297869
Pachliopta kotzebuea, 1, 1, 1, 0:00:25.485373
Monilinia aucupariae, 1, 1, 0, 0:00:16.037082
Monilinia fructicola, 1, 4, 0, 0:00:19.929979
Monilinia fructigena, 1, 4, 0, 0:00:22.614267
Monilinia laxa, 1, 3, 0, 0:00:18.456336
Monilinia polystroma, 1, 1, 0, 0:00:46.952998
Monilinia vaccinii-corymbosi, 1, 1, 0, 0:00:17.650986
Apus apus, 1, 2, 0, 0:00:32.377674
Pseudochaenichthys georgianus, 1, 2, 0, 0:00:17.849237
Mochlonyx cinctipes, 1, 1, 1, 0:00:18.295025
Mustela erminea, 1, 2, 0, 0:00:16.633383
Mustela nigripes, 1, 1, 0, 0:00:19.624414
Mustela nivalis, 1, 2, 2, 0:00:18.942124
Mustela putorius, 1, 25, 0, 0:00:30.204809
Planoprotostelium fungivorum, 1, 1, 1, 0:00:19.770929
Artemia franciscana, 1, 1, 1, 0:00:19.078076
Eschrichtius robustus, 1, 3, 0, 0:00:16.481900
Apolygus lucorum, 1, 1, 1, 0:00:20.839296
Tetranychus cinnabarinus, 1, 1, 1, 0:00:15.431899
Tetranychus urticae, 1, 1, 1, 0:00:20.366781
Dicrurus megarhynchus, 1, 1, 0, 0:00:13.891891
Candida africana, 1, 1, 0, 0:00:14.104172
Candida albicans, 1, 76, 7, 0:01:10.497939
Candida corydali, 1, 1, 1, 0:00:17.896015
Candida dubliniensis, 1, 3, 1, 0:00:18.772774
Candida maltosa, 1, 1, 0, 0:00:21.930627
Candida metapsilosis, 1, 4, 1, 0:00:16.596400
Candida orthopsilosis, 1, 4, 1, 0:00:17.499410
Candida oxycetoniae, 1, 1, 1, 0:00:32.169244
Candida parapsilosis, 1, 17, 1, 0:00:26.792009
Candida sanyaensis, 1, 1, 0, 0:00:28.714890
Candida sojae, 1, 2, 2, 0:00:19.622926
Candida sp. JCM 15000, 1, 1, 0, 0:00:18.798513
Candida theae, 1, 1, 0, 0:00:17.204324
Candida tropicalis, 1, 15, 1, 0:00:33.366522
Candida viswanathii, 1, 1, 0, 0:00:15.756946
Cardamine resedifolia, 1, 1, 0, 0:00:17.111431
Camptopleura auxo, 1, 1, 1, 0:00:25.110530
Oceanites oceanicus, 1, 1, 0, 0:00:20.896112
Venustaconcha ellipsiformis, 1, 1, 0, 0:00:24.480872
Celastrina argiolus, 1, 2, 0, 0:00:17.021388
Ophioceras dolichostomum, 1, 1, 0, 0:00:17.356662
Acanthocheilonema viteae, 1, 1, 0, 0:00:28.884027
Zoopage sp. CT-All, 1, 1, 1, 0:00:27.615733
Dyscophellus porcius, 1, 1, 1, 0:00:24.879522
Paulownia fortunei, 1, 1, 1, 0:00:24.792713
Bretschneidera sinensis, 1, 1, 0, 0:00:18.162106
Alouatta palliata, 1, 1, 0, 0:00:16.190745
Mikania micrantha, 1, 1, 0, 0:00:20.571945
Cyclina sinensis, 1, 1, 0, 0:00:21.656020
Pyronema omphalodes, 1, 1, 1, 0:00:19.096460
Telemiades fides, 1, 1, 1, 0:00:42.361572
Truncatella angustata, 1, 2, 0, 0:00:24.543508
Passova ganymedes, 1, 1, 1, 0:00:40.359785
Passova gellias, 1, 1, 1, 0:00:19.509824
Passova nigrocephala, 1, 1, 1, 0:00:15.154420
Passova passova, 1, 1, 1, 0:00:14.757166
Trupanea jonesi, 1, 1, 1, 0:00:14.972158
Telicota sp. NVG-7783, 1, 1, 1, 0:00:17.086967
Bubalus bubalis, 1, 7, 1, 0:00:18.100023
Dunaliella primolecta, 1, 2, 0, 0:00:15.299115
Dunaliella salina, 1, 1, 0, 0:00:16.715441
Dunaliella sp. M2, 1, 1, 1, 0:00:27.037793
Actinopyga echinites, 1, 1, 0, 0:00:15.538307
Pleurozium schreberi, 1, 1, 0, 0:00:13.515674
Handroanthus guayacan, 1, 1, 0, 0:00:15.636922
Handroanthus impetiginosus, 1, 1, 0, 0:00:23.105372
Thermophis baileyi, 1, 1, 1, 0:00:29.296695
Pachythone gigas, 1, 1, 1, 0:00:19.045199
Cepphus grylle, 1, 1, 0, 0:00:24.146498
Hysterangium stoloniferum, 1, 1, 1, 0:00:18.096749
Cyanistes caeruleus, 1, 1, 1, 0:00:18.231544
Coleophoma crateriformis, 1, 1, 1, 0:00:17.343474
Coleophoma cylindrospora, 1, 1, 1, 0:00:22.565468
Chelmon rostratus, 1, 2, 1, 0:00:19.153213
Dictyocaulus viviparus, 1, 1, 1, 0:00:25.003042
Cocos nucifera, 1, 3, 4, 0:00:26.451833
Hypocrella siamensis, 1, 1, 1, 0:00:16.267727
Rhizomys pruinosus, 1, 2, 0, 0:00:18.272286
Crocuta crocuta, 1, 1, 0, 0:00:15.669413
Pseudonectria buxi, 1, 2, 0, 0:00:16.911361
Pseudonectria foliicola, 1, 2, 0, 0:00:16.743074
Eira barbara, 1, 2, 0, 0:00:15.719208
Pochonia chlamydosporia, 1, 2, 2, 0:00:18.661362
Fulica atra, 1, 1, 0, 0:00:15.774157
Gindanes brontinus, 1, 1, 1, 0:00:18.044580
Tremellales sp. Tagirdzhanova-0007, 1, 1, 0, 0:00:17.031672
Hydra oligactis, 1, 1, 1, 0:00:17.272190
Hydra viridissima, 1, 2, 2, 0:00:18.340566
Coniochaeta hoffmannii, 1, 1, 0, 0:00:16.446905
Coniochaeta ligniaria, 1, 1, 0, 0:00:16.863655
Coniochaeta prunicola, 1, 1, 0, 0:00:15.212959
Coniochaeta pulveracea, 1, 1, 0, 0:00:21.259446
Coniochaeta sp. 2T2.1, 1, 1, 1, 0:00:15.246265
Phyllactinia moricola, 1, 1, 1, 0:00:14.412010
Sycophaga agraensis, 1, 1, 1, 0:00:15.414685
Hondaea fermentalgiana, 1, 2, 1, 0:00:16.266456
Dolichoris vasculosae, 1, 1, 1, 0:00:20.610285
Ciccaba nigrolineata, 1, 1, 0, 0:00:12.796195
Rana temporaria, 1, 3, 0, 0:00:14.188912
Strongylus vulgaris, 1, 1, 0, 0:00:13.540432
Dictyocoela muelleri, 1, 1, 1, 0:00:15.054878
Dictyocoela roeselum, 1, 1, 1, 0:00:13.828196
Geum urbanum, 1, 1, 0, 0:00:12.885405
Monocercomonoides exilis, 1, 1, 1, 0:00:13.958236
Harmonia axyridis, 1, 8, 3, 0:00:20.495250
Carystus phorcus, 1, 1, 1, 0:00:14.986739
Arvicola amphibius, 1, 2, 0, 0:00:13.783973
Amblyornis subalaris, 1, 1, 0, 0:00:13.383484
Gerosis bhagava, 1, 1, 1, 0:00:18.098355
Claroideoglomus candidum, 1, 2, 0, 0:00:14.054185
Edhazardia aedis, 1, 1, 0, 0:00:18.573041
Jonaspyge jonas, 1, 1, 1, 0:00:16.831152
Jonaspyge tzotzili, 1, 1, 1, 0:00:16.125228
Carpinus fangiana, 1, 1, 0, 0:00:16.188544
Tachina fera, 1, 2, 0, 0:00:18.051614
Plectus murrayi, 1, 1, 0, 0:00:19.469517
Plectus sambesii, 1, 1, 0, 0:00:16.278889
Cariama cristata, 1, 3, 1, 0:00:20.856585
Pogostemon cablin, 1, 2, 0, 0:00:16.102823
Notamblyscirtes simius, 1, 1, 1, 0:00:17.243820
Opisthograptis luteolata, 1, 2, 0, 0:00:16.954755
Irpex lacteus, 1, 2, 1, 0:00:17.799775
Irpex rosettiformis, 1, 1, 1, 0:00:20.188283
Hymenotorrendiella dingleyae, 1, 1, 0, 0:00:17.950301
Eilema depressum, 1, 2, 0, 0:00:17.314665
Eilema sororculum, 1, 2, 0, 0:00:21.857780
Camponotus floridanus, 1, 2, 2, 0:00:18.533488
Camponotus pennsylvanicus, 1, 2, 0, 0:00:17.025267
Eudorina sp. 2006-703-Eu-15, 1, 2, 0, 0:00:16.879487
Cafeteria roenbergensis, 1, 4, 0, 0:00:20.621210
Turdus rufiventris, 1, 1, 0, 0:00:17.314803
Ephydatia muelleri, 1, 1, 0, 0:00:17.367700
Lepiota brunneoincarnata, 1, 1, 0, 0:00:16.183890
Lepiota subincarnata, 1, 2, 0, 0:00:15.710614
Lepiota venenata, 1, 1, 0, 0:00:16.281724
Gloeostereum incarnatum, 1, 2, 1, 0:00:17.183984
Montifringilla adamsi, 1, 1, 0, 0:00:17.330111
Escovopsis sp. AC, 1, 1, 0, 0:00:17.125138
Escovopsis weberi, 1, 2, 0, 0:00:17.707910
Melipona quadrifasciata, 1, 1, 0, 0:00:16.528726
Halenospora varia, 1, 1, 0, 0:00:16.236165
Antrodia cinnamomea, 1, 5, 4, 0:00:19.466387
Antrodia serialis, 1, 1, 1, 0:00:15.891317
Aculops lycopersici, 1, 1, 1, 0:00:16.568559
Apocyclops royi, 1, 1, 0, 0:00:20.101119
Crotalus adamanteus, 1, 1, 1, 0:00:14.795820
Crotalus horridus, 1, 1, 0, 0:00:14.578558
Crotalus pyrrhus, 1, 1, 1, 0:00:16.877431
Crotalus tigris, 1, 1, 0, 0:00:14.053129
Crotalus viridis, 1, 1, 1, 0:00:16.252610
Pogoniulus pusillus, 1, 3, 0, 0:00:16.343285
Bos frontalis, 1, 2, 1, 0:00:15.251214
Bos gaurus, 1, 1, 0, 0:00:16.561721
Bos grunniens, 1, 3, 1, 0:00:14.450975
Bos indicus, 1, 10, 1, 0:00:24.206281
Bos mutus, 1, 3, 1, 0:00:20.118931
Bos taurus, 1, 10, 2, 0:00:33.154303
Dreissena polymorpha, 1, 2, 1, 0:00:20.382750
Dreissena rostriformis, 1, 1, 0, 0:00:19.546986
Capromys pilorides, 1, 1, 0, 0:00:16.214070
Anhinga anhinga, 1, 1, 0, 0:00:15.965384
Anhinga rufa, 1, 1, 0, 0:00:16.420928
Metschnikowia aberdeeniae, 1, 2, 2, 0:00:18.197016
Metschnikowia aff. pulcherrima, 1, 2, 1, 0:00:22.794280
Metschnikowia agaves, 1, 2, 2, 0:00:19.330653
Metschnikowia amazonensis, 1, 2, 2, 0:00:17.616166
Metschnikowia arizonensis, 1, 2, 1, 0:00:18.129581
Metschnikowia australis, 1, 2, 0, 0:00:17.956089
Metschnikowia bicuspidata, 1, 3, 2, 0:00:20.338377
Metschnikowia borealis, 1, 2, 2, 0:00:19.350568
Metschnikowia bowlesiae, 1, 3, 3, 0:00:19.139219
Metschnikowia caudata, 1, 2, 2, 0:00:18.612967
Metschnikowia cerradonensis, 1, 2, 2, 0:00:19.285993
Metschnikowia citriensis (nom. inval.), 1, 1, 0, 0:00:16.647586
Metschnikowia colocasiae, 1, 2, 2, 0:00:17.789513
Metschnikowia continentalis, 1, 2, 2, 0:00:18.621615
Metschnikowia cubensis, 1, 2, 2, 0:00:18.208671
Metschnikowia dekortorum, 1, 3, 2, 0:00:19.735709
Metschnikowia drakensbergensis, 1, 2, 2, 0:00:17.733084
Metschnikowia drosophilae, 1, 2, 0, 0:00:16.547504
Metschnikowia fructicola, 1, 2, 1, 0:00:18.573731
Metschnikowia hamakuensis, 1, 2, 2, 0:00:35.701695
Metschnikowia hawaiiana, 1, 2, 0, 0:00:13.683728
Metschnikowia hawaiiensis, 1, 2, 1, 0:00:19.825998
Metschnikowia hibisci, 1, 2, 2, 0:00:18.000390
Metschnikowia kamakouana, 1, 2, 2, 0:00:15.080087
Metschnikowia kipukae, 1, 1, 1, 0:00:14.409029
Metschnikowia lochheadii, 1, 2, 2, 0:00:14.690975
Metschnikowia matae, 1, 3, 3, 0:00:16.101809
Metschnikowia mauinuiana, 1, 2, 2, 0:00:17.457237
Metschnikowia orientalis, 1, 2, 0, 0:00:13.697665
Metschnikowia persimmonesis, 1, 1, 0, 0:00:12.764688
Metschnikowia proteae, 1, 2, 2, 0:00:15.051047
Metschnikowia pulcherrima, 1, 1, 0, 0:00:13.075852
Metschnikowia reukaufii, 1, 2, 2, 0:00:14.454813
Metschnikowia santaceciliae, 1, 2, 2, 0:00:16.083870
Metschnikowia shivogae, 1, 2, 2, 0:00:15.537615
Metschnikowia similis, 1, 2, 2, 0:00:14.779687
Metschnikowia sp. 00-154.1, 1, 1, 1, 0:00:21.250294
Metschnikowia torresii, 1, 1, 0, 0:00:14.562700
Metschnikowia zobellii, 1, 1, 0, 0:00:16.082633
Begonia darthvaderiana, 1, 1, 1, 0:00:17.541444
Begonia fuchsioides, 1, 1, 1, 0:00:18.145859
Begonia loranthoides, 1, 1, 1, 0:00:24.315338
Begonia masoniana, 1, 1, 1, 0:00:19.752022
Begonia peltatifolia, 1, 1, 1, 0:00:19.095149
Chroomonas mesostigmatica, 1, 1, 1, 0:00:18.437469
Neelides sp. FZ-2019, 1, 1, 0, 0:00:22.771858
Microbotryum intermedium, 1, 2, 0, 0:00:17.017915
Microbotryum lychnidis-dioicae, 1, 23, 1, 0:00:28.898349
Microbotryum saponariae, 1, 4, 0, 0:00:16.990260
Microbotryum scabiosae, 1, 2, 0, 0:00:21.870847
Microbotryum silenes-acaulis, 1, 2, 2, 0:00:21.749573
Microbotryum silenes-dioicae, 1, 2, 1, 0:00:20.499475
Microbotryum violaceum, 1, 25, 1, 0:00:29.936014
Bruguiera cylindrica, 1, 1, 0, 0:00:16.261786
Bruguiera gymnorhiza, 1, 2, 1, 0:00:21.361655
Bruguiera hainesii, 1, 2, 0, 0:00:17.879018
Bruguiera parviflora, 1, 1, 1, 0:00:17.112044
Bruguiera sexangula, 1, 1, 0, 0:00:20.123480
Hypothenemus hampei, 1, 2, 0, 0:00:18.598863
Saimiri boliviensis, 1, 2, 2, 0:00:18.071645
Lordiphosa clarofinis, 1, 1, 1, 0:00:19.885702
Lordiphosa collinella, 1, 1, 1, 0:00:18.968862
Lordiphosa magnipectinata, 1, 1, 1, 0:00:18.046941
Lordiphosa mommai, 1, 1, 1, 0:00:19.001059
Lordiphosa stackelbergi, 1, 1, 1, 0:00:15.334856
Redunca redunca, 1, 1, 1, 0:00:14.482902
Choiromyces venosus, 1, 1, 1, 0:00:14.558501
Bugula neritina, 1, 1, 1, 0:00:14.546368
Decorospora gaudefroyi, 1, 1, 0, 0:00:14.972344
Luffa acutangula, 1, 1, 0, 0:00:13.219665
Luffa aegyptiaca, 1, 3, 1, 0:00:17.183814
Capsicum annuum, 1, 7, 6, 0:00:27.324418
Capsicum baccatum, 1, 1, 1, 0:00:13.835545
Capsicum chinense, 1, 1, 1, 0:00:14.873763
Cyanophora paradoxa, 1, 1, 0, 0:00:14.082368
Chiridota heheva, 1, 1, 1, 0:00:13.970292
Lamprologus callipterus, 1, 2, 0, 0:00:13.845247
Lamprologus kungweensis, 1, 2, 0, 0:00:13.406606
Lamprologus laparogramma, 1, 2, 0, 0:00:18.819337
Lamprologus lemairii, 1, 2, 0, 0:00:14.399399
Lamprologus meleagris, 1, 2, 0, 0:00:13.639502
Lamprologus ocellatus, 1, 2, 0, 0:00:13.680681
Lamprologus ornatipinnis, 1, 2, 0, 0:00:19.041650
Lamprologus signatus, 1, 2, 0, 0:00:16.417204
Lamprologus speciosus, 1, 2, 0, 0:00:17.773605
Lamprologus tigripictilis, 1, 1, 0, 0:00:17.104861
Astreopora myriophthalma, 1, 1, 1, 0:00:21.254797
Hortaea sp. C3G1500-4, 1, 1, 0, 0:00:15.739644
Hortaea werneckii, 1, 16, 12, 0:00:35.722494
Podarcis muralis, 1, 2, 1, 0:00:22.762389
Pseudonaja textilis, 1, 2, 0, 0:00:16.897189
Rhizoctonia solani, 1, 33, 4, 0:00:46.045927
Panthera leo, 1, 3, 0, 0:00:17.389851
Panthera onca, 1, 1, 0, 0:00:16.192489
Panthera pardus, 1, 1, 1, 0:00:17.215230
Panthera tigris, 1, 5, 4, 0:00:22.953908
Panthera uncia, 1, 1, 0, 0:00:17.259092
Apotomis betuletana, 1, 2, 0, 0:00:22.028620
Apotomis turbidana, 1, 2, 0, 0:00:17.105731
Gymnosoma rotundatum, 1, 2, 0, 0:00:16.714787
Didymodactylos carnosus, 1, 4, 0, 0:00:18.652697
Platynothrus peltifer, 1, 1, 0, 0:00:20.332630
Sphaerosporella brunnea, 1, 1, 0, 0:00:16.418985
Rhododendron griersonianum, 1, 1, 0, 0:00:15.484371
Rhododendron henanense, 1, 1, 1, 0:00:19.184688
Rhododendron kiyosumense, 1, 1, 0, 0:00:15.802956
Rhododendron mucronatum, 1, 1, 0, 0:00:16.324145
Rhododendron ovatum, 1, 1, 0, 0:00:18.868508
Rhododendron simsii, 1, 1, 0, 0:00:16.585519
Rhododendron williamsianum, 1, 1, 1, 0:00:15.571204
Collybia sp. MG36, 1, 1, 1, 0:00:14.376128
Synergus gifuensis, 1, 1, 0, 0:00:13.538204
Synergus itoensis, 1, 1, 0, 0:00:14.347949
Synergus japonicus, 1, 1, 0, 0:00:14.401656
Synergus umbraculus, 1, 1, 0, 0:00:14.281900
Agathymus mariae, 1, 1, 1, 0:00:14.988654
Yamadazyma laniorum, 1, 1, 1, 0:00:14.428349
Yamadazyma nakazawae, 1, 1, 1, 0:00:15.585555
Yamadazyma philogaea, 1, 1, 1, 0:00:15.049770
Yamadazyma scolyti, 1, 1, 1, 0:00:14.758183
Yamadazyma tenuis, 1, 1, 1, 0:00:14.752543
Sericostoma sp. HW-2014, 1, 2, 1, 0:00:18.318800
Nanorana parkeri, 1, 1, 1, 0:00:17.555180
Exoneura robusta, 1, 1, 0, 0:00:13.616807
Areca catechu, 1, 1, 1, 0:00:14.012408
Hanseniaspora clermontiae, 1, 1, 1, 0:00:15.854669
Hanseniaspora gamundiae, 1, 1, 0, 0:00:18.406061
Hanseniaspora guilliermondii, 1, 2, 0, 0:00:17.683790
Hanseniaspora hatyaiensis (nom. inval.), 1, 1, 1, 0:00:18.353259
Hanseniaspora jakobsenii, 1, 1, 0, 0:00:16.500226
Hanseniaspora lachancei, 1, 1, 0, 0:00:17.564228
Hanseniaspora lindneri, 1, 1, 1, 0:00:18.186803
Hanseniaspora meyeri, 1, 1, 0, 0:00:17.481248
Hanseniaspora mollemarum, 1, 1, 1, 0:00:16.420860
Hanseniaspora nectarophila, 1, 1, 0, 0:00:16.669225
Hanseniaspora occidentalis, 1, 2, 0, 0:00:16.973800
Hanseniaspora opuntiae, 1, 1, 0, 0:00:15.821235
Hanseniaspora osmophila, 1, 2, 1, 0:00:17.907364
Hanseniaspora pseudoguilliermondii, 1, 1, 1, 0:00:17.329132
Hanseniaspora singularis (nom. inval.), 1, 1, 1, 0:00:18.015213
Hanseniaspora sp. CRUB 1602, 1, 1, 0, 0:00:16.276859
Hanseniaspora thailandica (nom. inval.), 1, 1, 0, 0:00:16.704584
Hanseniaspora uvarum, 1, 10, 1, 0:00:21.450613
Hanseniaspora valbyensis, 1, 1, 1, 0:00:18.563830
Hanseniaspora vineae, 1, 3, 3, 0:00:20.000626
Trachelipus rathkii, 1, 1, 0, 0:00:16.983562
Pterostichus madidus, 1, 2, 0, 0:00:16.721081
Conringia planisiliqua, 1, 1, 0, 0:00:16.063855
Riptortus pedestris, 1, 3, 1, 0:00:18.622853
Wolfiporia cocos, 1, 2, 1, 0:00:17.636169
Cetomimus sp. NI1144, 1, 1, 0, 0:00:16.297393
Erythranthe guttata, 1, 1, 2, 0:00:21.015823
Culter alburnus, 1, 1, 0, 0:00:16.404066
Auxenochlorella protothecoides, 1, 3, 1, 0:00:18.983586
Auxenochlorella pyrenoidosa, 1, 1, 1, 0:00:18.030365
Cyaniris semiargus, 1, 2, 0, 0:00:16.585046
Crucihimalaya himalaica, 1, 1, 0, 0:00:15.580311
Camarhynchus parvulus, 1, 2, 0, 0:00:15.657267
Pascua guehoae, 1, 1, 0, 0:00:13.303104
Pascua sp. PH3313A, 1, 1, 0, 0:00:13.432382
Globobulimina sp., 1, 1, 0, 0:00:13.075173
Saitoella complicata, 1, 2, 4, 0:00:18.584512
Ornithodoros moubata, 1, 10, 0, 0:00:16.264400
Ornithodoros porcinus, 1, 3, 0, 0:00:15.769410
Ornithorhynchus anatinus, 1, 4, 9, 0:00:20.557516
Galdieria phlegrea, 1, 1, 1, 0:00:16.284773
Galdieria sulphuraria, 1, 11, 2, 0:00:20.660885
Absidia glauca, 1, 1, 0, 0:00:14.774006
Absidia healeyae, 1, 1, 0, 0:00:13.252654
Absidia repens, 1, 1, 0, 0:00:14.425193
Absidia sp. UoMAU379, 1, 1, 0, 0:00:14.093371
Ditylenchus destructor, 1, 3, 0, 0:00:14.902085
Ditylenchus dipsaci, 1, 1, 0, 0:00:13.097328
Diplonema papillatum, 1, 1, 1, 0:00:15.549840
Paralithodes camtschaticus, 1, 1, 1, 0:00:14.954306
Paralithodes platypus, 1, 1, 0, 0:00:13.117927
Papio anubis, 1, 2, 3, 0:00:15.982269
Papio hamadryas, 1, 1, 0, 0:00:13.734012
Emesis aerigera, 1, 1, 1, 0:00:18.118993
Emesis angularis, 1, 1, 1, 0:00:21.182821
Emesis aurimna, 1, 1, 1, 0:00:23.249969
Emesis brimo, 1, 2, 1, 0:00:20.718915
Emesis castigata, 1, 1, 1, 0:00:21.998863
Emesis cereus, 1, 1, 1, 0:00:24.206837
Emesis condigna, 1, 1, 1, 0:00:23.587822
Emesis cypria, 1, 1, 1, 0:00:21.687330
Emesis diogenia, 1, 1, 1, 0:00:20.818531
Emesis eurydice, 1, 1, 1, 0:00:19.237476
Emesis fastidiosa, 1, 1, 1, 0:00:19.859005
Emesis fatimella, 1, 1, 1, 0:00:21.221359
Emesis furor, 1, 1, 1, 0:00:21.587634
Emesis glaucescens, 1, 1, 1, 0:00:21.222252
Emesis heterochroa, 1, 1, 1, 0:00:20.817638
Emesis heteroclita, 1, 2, 1, 0:00:23.791386
Emesis lacrines, 1, 1, 1, 0:00:33.921493
Emesis liodes, 1, 1, 1, 0:00:23.742335
Emesis lucinda, 1, 1, 1, 0:00:19.423044
Emesis lupina, 1, 1, 1, 0:00:21.107179
Emesis mandana, 1, 1, 1, 0:00:22.465815
Emesis melancholica, 1, 1, 1, 0:00:21.939190
Emesis neemias, 1, 1, 1, 0:00:23.732147
Emesis ocypore, 1, 1, 1, 0:00:46.091944
Emesis opaca, 1, 2, 1, 0:00:31.332322
Emesis orichalceus, 1, 1, 1, 0:00:21.447136
Emesis phyciodoides, 1, 1, 1, 0:00:22.175452
Emesis poeas, 1, 1, 1, 0:00:21.024762
Emesis progne, 1, 1, 1, 0:00:38.169776
Emesis russula, 1, 1, 1, 0:00:21.236167
Emesis satema, 1, 1, 1, 0:00:22.330737
Emesis saturata, 1, 1, 1, 0:00:33.287272
Emesis spreta, 1, 1, 1, 0:00:23.773554
Emesis tegula, 1, 1, 1, 0:00:25.640275
Emesis temesa, 1, 1, 1, 0:00:25.894461
Emesis tenedia, 1, 1, 1, 0:00:23.149022
Emesis vulpina, 1, 1, 1, 0:00:22.769512
Gymnopilus dilepis, 1, 1, 0, 0:00:20.059989
Gymnopilus junonius, 1, 2, 0, 0:00:20.109531
Lineus longissimus, 1, 2, 0, 0:00:21.555392
Stereum hirsutum, 1, 1, 1, 0:00:23.056418
Aquanectria penicillioides, 1, 1, 0, 0:00:22.140677
Anthocharis cardamines, 1, 2, 0, 0:00:23.665073
Poteriospumella lacustris, 1, 3, 1, 0:00:21.793430
Phaetusa simplex, 1, 1, 0, 0:00:20.582778
Zeugodacus cucurbitae, 1, 1, 0, 0:00:20.422280
Reinhardtius hippoglossoides, 1, 1, 0, 0:00:24.069743
Pelomyxa schiedti, 1, 1, 0, 0:00:21.536604
Floccularia luteovirens, 1, 2, 0, 0:00:21.750161
Carya cathayensis, 1, 1, 0, 0:00:20.929593
Carya illinoinensis, 1, 7, 0, 0:00:27.876208
Caria ino, 1, 1, 1, 0:00:22.245031
Micropoecilia bifurca, 1, 1, 0, 0:00:19.382902
Micropoecilia picta, 1, 2, 0, 0:00:18.819687
Lepisosteus oculatus, 1, 1, 1, 0:00:22.322685
Sitta europaea, 1, 1, 0, 0:00:18.589583
Steinernema carpocapsae, 1, 1, 2, 0:00:23.519998
Steinernema diaprepesi, 1, 1, 1, 0:00:20.787878
Steinernema feltiae, 1, 2, 1, 0:00:24.596412
Steinernema glaseri, 1, 1, 1, 0:00:31.224319
Steinernema khuongi, 1, 1, 0, 0:00:29.271156
Steinernema monticolum, 1, 1, 1, 0:00:44.969040
Steinernema scapterisci, 1, 1, 1, 0:00:38.919503
Nothophoma quercina, 1, 1, 0, 0:00:28.868567
Subanguina moxae, 1, 1, 0, 0:00:25.982104
Blastomyces dermatitidis, 1, 4, 0, 0:00:21.587510
Blastomyces emzantsi, 1, 8, 0, 0:00:26.971077
Blastomyces gilchristii, 1, 1, 0, 0:00:20.305097
Blastomyces parvus, 1, 1, 0, 0:00:20.723910
Blastomyces percursus, 1, 14, 0, 0:00:26.273275
Blastomyces silverae, 1, 1, 0, 0:00:23.005880
Aleiodes sp. PSUC_FEM 10030003, 1, 1, 1, 0:00:21.706979
Momordica charantia, 1, 3, 1, 0:00:22.734914
Macaria notata, 1, 2, 0, 0:00:19.863359
Nebria ingens, 1, 1, 1, 0:00:22.369661
Nebria salina, 1, 1, 0, 0:00:21.766790
Bifiguratus adelaidae, 1, 1, 1, 0:00:26.890680
Myripristis jacobus, 1, 1, 0, 0:00:21.109865
Myripristis murdjan, 1, 2, 0, 0:00:25.418692
Lynx canadensis, 1, 2, 2, 0:00:26.511140
Lynx pardinus, 1, 1, 0, 0:00:24.088191
Lynx rufus, 1, 2, 0, 0:00:14.421642
Dactylis glomerata, 1, 2, 1, 0:00:14.455042
Pseudosimochromis babaulti, 1, 4, 0, 0:00:16.496989
Pseudosimochromis curvifrons, 1, 2, 0, 0:00:16.192656
Pseudosimochromis marginatus, 1, 4, 0, 0:00:15.310502
Semnornis frantzii, 1, 1, 0, 0:00:20.646881
Chlorella desiccata (nom. nud.), 1, 2, 0, 0:00:14.734510
Chlorella sorokiniana, 1, 6, 1, 0:00:17.524216
Chlorella sp. A99, 1, 1, 0, 0:00:14.472478
Chlorella variabilis, 1, 1, 1, 0:00:15.796035
Chlorella vulgaris, 1, 5, 1, 0:00:17.706864
Apyrrothrix (Melanopyge) sp. n. Burns01, 1, 1, 1, 0:00:15.967120
Apyrrothrix aesculapus, 1, 1, 1, 0:00:24.626997
Apyrrothrix araxes, 1, 1, 1, 0:00:22.710834
Apyrrothrix arizonae, 1, 1, 1, 0:00:24.440352
Apyrrothrix chalybea, 1, 1, 1, 0:00:20.985754
Apyrrothrix hoffmanni, 1, 1, 1, 0:00:21.484430
Apyrrothrix hygieia, 1, 1, 1, 0:00:20.085437
Apyrrothrix maculosa, 1, 1, 1, 0:00:16.376303
Apyrrothrix mulleri, 1, 1, 1, 0:00:20.262143
Apyrrothrix sangaris, 1, 1, 1, 0:00:25.201057
Colletotrichum abscissum, 1, 1, 0, 0:00:21.019494
Colletotrichum acutatum, 1, 25, 1, 0:00:28.113556
Colletotrichum aenigma, 1, 2, 0, 0:00:17.540257
Colletotrichum asianum, 1, 1, 0, 0:00:17.930946
Colletotrichum australisinense (nom. inval.), 1, 1, 1, 0:00:24.791789
Colletotrichum camelliae, 1, 2, 0, 0:00:16.862934
Colletotrichum chlorophyti, 1, 1, 0, 0:00:22.232803
Colletotrichum coccodes, 1, 3, 0, 0:00:18.768159
Colletotrichum destructivum, 1, 1, 0, 0:00:16.902433
Colletotrichum echinochloae, 1, 1, 0, 0:00:17.371635
Colletotrichum eleusines, 1, 1, 0, 0:00:18.277188
Colletotrichum falcatum, 1, 2, 2, 0:00:25.226406
Colletotrichum filicis, 1, 1, 0, 0:00:17.722315
Colletotrichum fioriniae, 1, 15, 9, 0:00:31.475520
Colletotrichum fructicola, 1, 11, 2, 0:00:25.119506
Colletotrichum gloeosporioides, 1, 13, 3, 0:00:25.576495
Colletotrichum godetiae, 1, 1, 0, 0:00:18.846877
Colletotrichum graminicola, 1, 2, 1, 0:00:17.802249
Colletotrichum higginsianum, 1, 4, 1, 0:00:17.860370
Colletotrichum horii, 1, 1, 0, 0:00:13.281976
Colletotrichum incanum, 1, 2, 2, 0:00:16.663532
Colletotrichum karsti, 1, 1, 0, 0:00:16.904146
1), 1, 1, 1, 0:00:15.580904
Colletotrichum lindemuthianum, 1, 2, 0, 0:00:23.920991
Colletotrichum liriopes, 1, 2, 1, 0:00:16.057203
Colletotrichum lupini, 1, 1, 1, 0:00:21.393990
Colletotrichum magnum, 1, 1, 0, 0:00:18.681592
Colletotrichum musae, 1, 1, 0, 0:00:20.854780
Colletotrichum musicola, 1, 1, 1, 0:00:14.891264
Colletotrichum nymphaeae, 1, 6, 5, 0:00:20.206735
Colletotrichum orbiculare, 1, 1, 0, 0:00:13.790013
Colletotrichum orchidophilum, 1, 1, 0, 0:00:20.028773
Colletotrichum plurivorum, 1, 1, 1, 0:00:15.143704
Colletotrichum salicis, 1, 1, 0, 0:00:12.591826
Colletotrichum sansevieriae, 1, 1, 0, 0:00:16.382733
Colletotrichum scovillei, 1, 4, 1, 0:00:21.506215
Colletotrichum shisoi, 1, 1, 1, 0:00:16.854278
Colletotrichum siamense, 1, 20, 2, 0:00:25.988316
Colletotrichum sidae, 1, 1, 0, 0:00:16.783671
Colletotrichum simmondsii, 1, 2, 0, 0:00:29.681947
Colletotrichum sojae, 1, 1, 1, 0:00:19.618046
Colletotrichum sp. COLG25, 1, 1, 0, 0:00:16.468062
Colletotrichum spaethianum, 1, 1, 0, 0:00:17.246652
Colletotrichum spinosum, 1, 1, 0, 0:00:18.366411
Colletotrichum sublineola, 1, 3, 2, 0:00:20.319033
Colletotrichum tanaceti, 1, 1, 0, 0:00:18.052176
Colletotrichum theobromicola, 1, 2, 2, 0:00:22.218400
Colletotrichum tofieldiae, 1, 8, 5, 0:00:36.179107
Colletotrichum trifolii, 1, 1, 0, 0:00:32.124595
Colletotrichum tropicale, 1, 1, 0, 0:00:19.060521
Colletotrichum truncatum, 1, 4, 2, 0:00:21.111061
Colletotrichum viniferum, 1, 2, 1, 0:00:22.159967
Babjeviella inositovora, 1, 2, 2, 0:00:23.481902
Indicator maculatus, 1, 1, 0, 0:00:15.575721
Gorsachius goisagi, 1, 1, 0, 0:00:18.984198
Meleagris gallopavo, 1, 2, 1, 0:00:23.121292
Vicugna pacos, 1, 3, 2, 0:00:22.095307
Vicugna vicugna, 1, 1, 1, 0:00:20.298923
Breviolum minutum, 1, 1, 1, 0:00:22.657704
Amphirosellinia nigrospora, 1, 1, 0, 0:00:19.147106
Margaritispora aquatica, 1, 1, 0, 0:00:21.720726
Monotropa hypopitys, 1, 1, 0, 0:00:15.999217
Spodoptera exigua, 1, 4, 1, 0:00:21.236186
Spodoptera frugiperda, 1, 9, 4, 0:00:24.173324
Spodoptera littoralis, 1, 1, 0, 0:00:14.590167
Spodoptera litura, 1, 1, 3, 0:00:17.313267
Atlantisia rogersi, 1, 1, 0, 0:00:14.039153
Mesosemia grandis, 1, 1, 1, 0:00:17.618499
Purpureocillium lilacinum, 1, 6, 4, 0:00:22.284580
Purpureocillium takamizusanense, 1, 1, 0, 0:00:13.916629
Epicauta chinensis, 1, 1, 1, 0:00:16.596853
Rhinatrema bivittatum, 1, 2, 1, 0:00:31.716378
Gymnogyps californianus, 1, 1, 1, 0:00:19.865220
Phlogophora meticulosa, 1, 2, 0, 0:00:19.293082
Gymnodraco acuticeps, 1, 2, 0, 0:00:15.998338
Hepsetus odoe, 1, 1, 0, 0:00:16.214295
Blomia tropicalis, 1, 1, 1, 0:00:16.509409
Gnoriste bilineata, 1, 1, 0, 0:00:25.947013
Cicer arietinum, 1, 5, 4, 0:00:31.848924
Cicer echinospermum, 1, 1, 0, 0:00:17.447670
Cicer reticulatum, 1, 2, 1, 0:00:30.482206
Toxocara canis, 1, 3, 1, 0:00:19.240522
Tenualosa ilisha, 1, 3, 1, 0:00:24.761376
Cytospora leucostoma, 1, 1, 0, 0:00:17.113410
Cytospora mali, 1, 1, 0, 0:00:19.635900
Cytospora piceae, 1, 2, 0, 0:00:17.719243
Cytospora sp. EI-2021a, 1, 1, 0, 0:00:17.729905
Athene cunicularia, 1, 1, 1, 0:00:20.149823
Aurantiochytrium acetophilum, 1, 1, 0, 0:00:27.571697
Aurantiochytrium sp. KH105, 1, 1, 1, 0:00:17.803473
Prolemur simus, 1, 1, 1, 0:00:29.971049
Spergula arvensis, 1, 1, 0, 0:00:19.720718
Austropuccinia psidii, 1, 6, 3, 0:00:24.681519
Gryllus bimaculatus, 1, 1, 0, 0:00:15.497377
Certhia americana, 1, 1, 1, 0:00:21.560712
Certhia brachydactyla, 1, 1, 0, 0:00:17.456877
Certhia familiaris, 1, 1, 0, 0:00:17.645667
Heterocephalus glaber, 1, 3, 3, 0:00:31.690682
Tetrabaena socialis, 1, 1, 1, 0:00:16.786144
Sepia pharaonis, 1, 1, 0, 0:00:17.213364
Acanthamoeba astronyxis, 1, 1, 0, 0:00:17.122400
Acanthamoeba castellanii, 1, 6, 0, 0:00:21.940168
Acanthamoeba comandoni, 1, 1, 0, 0:00:16.044748
Acanthamoeba culbertsoni, 1, 1, 0, 0:00:17.863089
Acanthamoeba divionensis, 1, 1, 0, 0:00:16.573253
Acanthamoeba healyi, 1, 1, 0, 0:00:12.786889
Acanthamoeba lenticulata, 1, 3, 0, 0:00:16.106452
Acanthamoeba lugdunensis, 1, 1, 0, 0:00:13.954562
Acanthamoeba mauritaniensis, 1, 1, 0, 0:00:14.749804
Acanthamoeba palestinensis, 1, 1, 0, 0:00:20.129528
Acanthamoeba pearcei, 1, 1, 0, 0:00:13.826492
Acanthamoeba polyphaga, 1, 2, 0, 0:00:24.369534
Acanthamoeba quina, 1, 1, 0, 0:00:31.642551
Acanthamoeba rhysodes, 1, 1, 0, 0:00:12.490380
Acanthamoeba royreba, 1, 1, 0, 0:00:18.944900
Acanthamoeba triangularis, 1, 1, 0, 0:00:19.381287
Electrophorus electricus, 1, 3, 2, 0:00:17.828514
Colistium nudipinnis, 1, 1, 0, 0:00:16.962107
Coptis chinensis, 1, 1, 0, 0:00:21.134475
Enteromyxum leei, 1, 1, 2, 0:00:20.720493
Cetradonia linearis, 1, 1, 1, 0:00:27.482634
Numida meleagris, 1, 2, 0, 0:00:16.950180
Ramphastos sulfuratus, 1, 1, 0, 0:00:20.406286
Furcula furcula, 1, 2, 0, 0:00:20.096984
Samsoniella hepiali, 1, 1, 0, 0:00:17.747532
Xeromyces bisporus, 1, 1, 0, 0:00:16.569373
Cyclotella cryptica, 1, 1, 0, 0:00:15.765683
Sclerotinia borealis, 1, 1, 1, 0:00:20.129674
Sclerotinia glacialis, 1, 1, 0, 0:00:18.336501
Sclerotinia sclerotiorum, 1, 3, 1, 0:00:19.532663
Sclerotinia trifoliorum, 1, 1, 0, 0:00:16.884871
Lingula anatina, 1, 1, 1, 0:00:18.971557
Sipha flava, 1, 1, 0, 0:00:18.059012
Thelazia callipaeda, 1, 1, 0, 0:00:16.731863
Prunus armeniaca, 1, 5, 2, 0:00:23.253443
Prunus avium, 1, 5, 2, 0:00:20.379342
Prunus davidiana, 1, 1, 1, 0:00:17.876983
Prunus dulcis, 1, 3, 0, 0:00:19.141484
Prunus fruticosa, 1, 1, 0, 0:00:16.987657
Prunus kanzakura, 1, 2, 0, 0:00:37.984365
Prunus mira, 1, 1, 1, 0:00:18.248335
Prunus mume, 1, 1, 1, 0:00:20.297490
Prunus persica, 1, 9, 4, 0:00:24.461411
Prunus salicina, 1, 3, 1, 0:00:20.665320
Prunus yedoensis, 1, 3, 1, 0:00:20.082185
Boehmeria nivea, 1, 4, 2, 0:00:20.698488
Scolopax mira, 1, 1, 0, 0:00:17.281922
Metchnikovella incurvata, 1, 1, 1, 0:00:15.903469
Xenocatantops brachycerus, 1, 1, 0, 0:00:15.981841
Schistocerca americana, 1, 1, 0, 0:00:24.759141
Schistocerca piceifrons, 1, 1, 0, 0:00:19.510193
Parapoynx stratiotata, 1, 2, 0, 0:00:18.172905
Henneguya salminicola, 1, 1, 0, 0:00:19.162722
Dibothriocephalus latus, 1, 1, 0, 0:00:14.179462
Labeotropheus fuelleborni, 1, 1, 1, 0:00:16.509640
Cyphomyrmex costatus, 1, 1, 0, 0:00:18.117807
Serilophus lunatus, 1, 1, 0, 0:00:17.903700
Citeromyces hawaiiensis, 1, 1, 1, 0:00:14.617408
Citeromyces matritensis, 1, 2, 2, 0:00:15.555582
Citeromyces siamensis, 1, 1, 1, 0:00:15.173354
Cucurbita argyrosperma, 1, 2, 2, 0:00:17.241424
Cucurbita maxima, 1, 1, 1, 0:00:16.925436
Cucurbita moschata, 1, 1, 1, 0:00:18.369699
Cucurbita pepo, 1, 1, 2, 0:00:20.372271
Kretzschmaria deusta, 1, 3, 1, 0:00:24.006322
Alces alces, 1, 2, 1, 0:00:24.297400
Neobulgaria alba, 1, 1, 0, 0:00:19.123612
Monodon monoceros, 1, 4, 0, 0:00:22.962862
Paroedura picta, 1, 1, 1, 0:00:21.151400
Melanostoma mellinum, 1, 2, 0, 0:00:18.981150
Trichodelitschia bisporula, 1, 1, 0, 0:00:19.390511
Priacma serrata, 1, 1, 1, 0:00:18.722362
Hemibates koningsi, 1, 2, 0, 0:00:17.612527
Hemibates stenosoma, 1, 2, 0, 0:00:16.702456
Miscanthus floridulus, 1, 1, 1, 0:00:19.156790
Miscanthus lutarioriparius, 1, 1, 0, 0:00:16.563469
Miscanthus sacchariflorus, 1, 2, 0, 0:00:18.163939
Entamoeba dispar, 1, 1, 0, 0:00:16.882799
Entamoeba histolytica, 1, 12, 2, 0:00:25.829275
Entamoeba invadens, 1, 1, 0, 0:00:17.193209
Entamoeba moshkovskii, 1, 1, 0, 0:00:23.857466
Entamoeba nuttalli, 1, 1, 0, 0:00:17.670490
Blumeriella jaapii, 1, 1, 0, 0:00:17.762521
Eleutherodactylus coqui, 1, 1, 0, 0:00:20.210018
Campomanesia xanthocarpa, 1, 1, 1, 0:00:17.986690
Xenoacremonium recifei, 1, 1, 0, 0:00:16.863639
Campodea augens, 1, 1, 1, 0:00:22.807971
Amyelois transitella, 1, 1, 0, 0:00:15.972919
Geothlypis trichas, 1, 2, 0, 0:00:15.215102
Paelopatides confundens, 1, 1, 0, 0:00:13.263383
Pseudophaeomoniella oleicola, 1, 1, 0, 0:00:12.821942
Parhyale hawaiensis, 1, 1, 1, 0:00:17.865777
Corymbia calophylla, 1, 1, 0, 0:00:14.322101
Corymbia citriodora, 1, 1, 0, 0:00:14.115109
Corymbia maculata, 1, 1, 0, 0:00:25.291698
Okapia johnstoni, 1, 2, 2, 0:00:15.656883
Coriolopsis trogii, 1, 3, 2, 0:00:16.465876
Perca flavescens, 1, 2, 0, 0:00:14.772106
Perca fluviatilis, 1, 3, 1, 0:00:16.771633
Cyprichromis coloratus, 1, 2, 0, 0:00:15.635506
Cyprichromis leptosoma, 1, 2, 0, 0:00:20.731548
Cyprichromis microlepidotus, 1, 2, 0, 0:00:15.752539
Cyprichromis pavo, 1, 2, 0, 0:00:20.367513
Cyprichromis sp. 'dwarf jumbo' AB-2019, 1, 2, 0, 0:00:15.329041
Cyprichromis zonatus, 1, 2, 0, 0:00:16.751787
Podaxis carcinomalis, 1, 1, 0, 0:00:17.673058
Podaxis pistillaris, 1, 1, 0, 0:00:17.645062
Podaxis rugospora, 1, 1, 0, 0:00:17.635934
Podaxis sp. AQ645840, 1, 1, 0, 0:00:17.502077
Lasaia sula, 1, 1, 1, 0:00:17.842932
Mohoua ochrocephala, 1, 1, 0, 0:00:17.573559
Scopus umbretta, 1, 1, 0, 0:00:16.795885
Taxidea taxus, 1, 1, 0, 0:00:17.891115
Ostreobium quekettii, 1, 1, 0, 0:00:16.599685
Pantala flavescens, 1, 1, 0, 0:00:18.758968
Owenia fusiformis, 1, 1, 0, 0:00:18.962353
Orthochromis indermauri, 1, 2, 0, 0:00:17.789059
Orthochromis malagaraziensis, 1, 1, 0, 0:00:17.195032
Orthochromis mazimeroensis, 1, 1, 0, 0:00:17.529040
Orthochromis uvinzae, 1, 1, 0, 0:00:20.092545
Petauroides volans, 1, 1, 0, 0:00:16.820340
Silphium perfoliatum, 1, 1, 0, 0:00:16.522005
Varroa destructor, 1, 2, 1, 0:00:23.320607
Varroa jacobsoni, 1, 1, 0, 0:00:16.347432
Tropilaelaps mercedesae, 1, 1, 1, 0:00:18.872629
Isatis lusitanica, 1, 1, 0, 0:00:17.322927
Isatis tinctoria, 1, 3, 1, 0:00:18.756611
Schrenkiella parvula, 1, 1, 1, 0:00:19.218533
Panurus biarmicus, 1, 1, 0, 0:00:17.856629
Nascus phocus, 1, 1, 1, 0:00:22.933670
Myoictis leucura, 1, 1, 0, 0:00:19.956185
Myoictis melas, 1, 1, 0, 0:00:18.705928
Myoictis wallacei, 1, 1, 0, 0:00:17.910786
Myoictis wavicus, 1, 1, 0, 0:00:23.216873
Theobroma cacao, 1, 2, 0, 0:00:16.622929
Sorex araneus, 1, 1, 0, 0:00:14.155983
Aporia crataegi, 1, 2, 0, 0:00:14.539111
Mesoclemmys tuberculata, 1, 1, 0, 0:00:14.728872
Trypethelium eluteriae, 1, 1, 0, 0:00:14.054728
Agrypnia vestita, 1, 1, 0, 0:00:14.552445
Salvia hispanica, 1, 1, 0, 0:00:13.629418
Salvia miltiorrhiza, 1, 1, 0, 0:00:14.530858
Salvia splendens, 1, 1, 0, 0:00:16.856820
Chaetophractus vellerosus, 1, 1, 0, 0:00:13.588736
Limeum aethiopicum, 1, 1, 0, 0:00:15.404662
Dactylopius coccus, 1, 1, 1, 0:00:16.555949
Crambe hispanica, 1, 1, 0, 0:00:15.071244
Damaliscus lunatus, 1, 1, 1, 0:00:16.160222
Chlorociboria aeruginascens, 1, 1, 0, 0:00:14.844815
Drymodes brunneopygia, 1, 1, 0, 0:00:17.785665
Notocelia uddmanniana, 1, 2, 0, 0:00:17.105847
Connochaetes taurinus, 1, 1, 1, 0:00:19.758641
Capronia coronata, 1, 1, 0, 0:00:19.283205
Capronia epimyces, 1, 1, 0, 0:00:18.317473
Hyalothyrus neleus, 1, 1, 1, 0:00:22.143995
Hesseltinella vesiculosa, 1, 1, 0, 0:00:21.951172
Holacanthella duospinosa, 1, 1, 1, 0:00:18.735313
Psophia crepitans, 1, 1, 0, 0:00:17.566208
Pomatostomus ruficeps, 1, 1, 0, 0:00:17.365567
Chrysotoxum bicinctum, 1, 2, 0, 0:00:16.961846
Heliosperma pusillum, 1, 1, 0, 0:00:17.432301
Quadrus cerialis, 1, 1, 1, 0:00:18.922204
Asterias rubens, 1, 2, 0, 0:00:19.712055
Aptinothrips rufus, 1, 1, 0, 0:00:16.226018
Nothapodytes nimmoniana, 1, 1, 0, 0:00:20.103158
Architeuthis dux, 1, 1, 1, 0:00:19.582436
Polychaeton citri, 1, 1, 0, 0:00:19.406409
Yanguna cometes, 1, 1, 1, 0:00:20.075199
Yanguna cosyra, 1, 1, 1, 0:00:17.423388
Yanguna spatiosa, 1, 1, 1, 0:00:20.518932
Yanguna thelersa, 1, 1, 1, 0:00:19.008597
Armillaria altimontana, 1, 1, 1, 0:00:18.543952
Armillaria borealis, 1, 1, 2, 0:00:24.680559
Armillaria cepistipes, 1, 1, 0, 0:00:18.170735
Armillaria fuscipes, 1, 1, 0, 0:00:16.261512
Armillaria gallica, 1, 2, 0, 0:00:17.540888
Armillaria ostoyae, 1, 1, 0, 0:00:16.699800
Armillaria solidipes, 1, 2, 1, 0:00:19.259366
Chrysoporthe austroafricana, 1, 2, 3, 0:00:18.859235
Chrysoporthe cubensis, 1, 2, 2, 0:00:16.551376
Chrysoporthe deuterocubensis, 1, 1, 2, 0:00:15.866132
Chrysoporthe sp. MAF-2017a, 1, 1, 0, 0:00:14.929906
Lesueurigobius sanzi, 1, 1, 0, 0:00:14.930202
Deilephila porcellus, 1, 2, 0, 0:00:15.556370
Scaphiopus couchii, 1, 1, 1, 0:00:18.249482
Scaphiopus holbrookii, 1, 1, 1, 0:00:16.584917
Halyomorpha halys, 1, 1, 1, 0:00:17.760062
Tribonema minus, 1, 1, 0, 0:00:15.064641
Stalachtis halloweeni, 1, 1, 1, 0:00:15.416565
Alera haworthiana, 1, 1, 1, 0:00:17.154380
Dichanthelium oligosanthes, 1, 1, 0, 0:00:19.916239
Tomocerus maximus, 1, 1, 0, 0:00:14.906706
Tomocerus minor, 1, 1, 0, 0:00:14.028303
Tomocerus nigrus, 1, 1, 0, 0:00:21.048236
Tomocerus qinae, 1, 2, 0, 0:00:15.715869
Tomocerus vulgaris, 1, 1, 0, 0:00:15.526296
Pelecanoides urinatrix, 1, 1, 0, 0:00:16.239765
Sertania guttata, 1, 1, 1, 0:00:17.798047
Pachysolen tannophilus, 1, 2, 1, 0:00:19.571097
Tinctoporellus epimiltinus, 1, 1, 0, 0:00:16.825134
Macrostomum lignano, 1, 2, 0, 0:00:16.089914
Sanghuangporus baumii, 1, 1, 0, 0:00:18.133317
Sanghuangporus lonicericola, 1, 1, 0, 0:00:17.489053
Sanghuangporus sanghuang, 1, 2, 1, 0:00:18.920469
Pinctada imbricata, 1, 1, 0, 0:00:18.290300
Globodera ellingtonae, 1, 1, 0, 0:00:16.690647
Globodera pallida, 1, 3, 0, 0:00:17.462646
Globodera rostochiensis, 1, 3, 0, 0:00:18.020174
Curvularia eragrostidis, 1, 1, 0, 0:00:36.597057
Curvularia geniculata, 1, 2, 0, 0:00:37.090986
Curvularia kusanoi, 1, 1, 0, 0:00:35.594245
Curvularia lunata, 1, 2, 1, 0:00:36.133818
Curvularia papendorfii, 1, 1, 1, 0:00:17.061141
Curvularia sp. IFB-Z10, 1, 1, 1, 0:00:20.266088
Aegilops bicornis, 1, 1, 1, 0:00:18.745955
Aegilops longissima, 1, 2, 1, 0:00:18.501063
Aegilops searsii, 1, 1, 1, 0:00:16.836250
Aegilops sharonensis, 1, 1, 1, 0:00:18.808632
Aegilops speltoides, 1, 1, 1, 0:00:16.895676
Aegilops tauschii, 1, 4, 6, 0:00:21.536864
Coffea arabica, 1, 1, 0, 0:00:14.325609
Coffea canephora, 1, 1, 0, 0:00:14.039635
Coffea eugenioides, 1, 1, 0, 0:00:13.656036
Coffea humblotiana, 1, 1, 0, 0:00:14.079964
Rhea americana, 1, 1, 1, 0:00:14.816800
Rhea pennata, 1, 1, 1, 0:00:13.549767
Loxosceles reclusa, 1, 1, 0, 0:00:13.538766
Ammodramus savannarum, 1, 1, 0, 0:00:13.715143
Cressida cressida, 1, 1, 1, 0:00:14.643089
Chioides albofasciatus, 1, 1, 1, 0:00:16.175716
Chioides vintra, 1, 1, 1, 0:00:15.119251
Sacculina carcini, 1, 3, 0, 0:00:15.642502
Nothoprocta ornata, 1, 1, 0, 0:00:14.181339
Nothoprocta pentlandii, 1, 1, 0, 0:00:13.017968
Nothoprocta perdicaria, 1, 1, 1, 0:00:17.490355
Curetis bulis, 1, 1, 1, 0:00:15.904468
Zoysia japonica, 1, 1, 1, 0:00:14.541707
Zoysia matrella, 1, 1, 1, 0:00:14.017770
Zoysia pacifica, 1, 1, 1, 0:00:17.580799
Stevia rebaudiana, 1, 1, 1, 0:00:17.418225
Infundibulicybe gibba, 1, 2, 0, 0:00:17.864364
Dendrobium catenatum, 1, 1, 2, 0:00:19.942090
Dendrobium chrysotoxum, 1, 1, 1, 0:00:22.593743
Dendrobium huoshanense, 1, 1, 0, 0:00:15.671123
Dendrobium hybrid cultivar, 1, 1, 0, 0:00:17.241644
Dendrobium nobile, 1, 1, 0, 0:00:16.536958
Dendrobium officinale, 1, 1, 0, 0:00:20.114288
Synanthedon andrenaeformis, 1, 1, 0, 0:00:37.942422
Synanthedon vespiformis, 1, 2, 0, 0:00:18.839182
Cephus cinctus, 1, 1, 2, 0:00:21.402857
Pleurotus citrinopileatus, 1, 2, 1, 0:00:18.571966
Pleurotus cornucopiae, 1, 1, 1, 0:00:17.638318
Pleurotus eryngii, 1, 4, 2, 0:00:21.473070
Pleurotus floridanus, 1, 1, 0, 0:00:16.431220
Pleurotus ostreatoroseus, 1, 1, 0, 0:00:16.290506
Pleurotus ostreatus, 1, 4, 3, 0:00:25.680924
Pleurotus platypus, 1, 1, 1, 0:00:18.881627
Pleurotus pulmonarius, 1, 3, 0, 0:00:18.464410
Pleurotus salmoneostramineus, 1, 3, 0, 0:00:17.566196
Pleurotus tuber-regium, 1, 3, 0, 0:00:17.118591
Pleurotus tuoliensis, 1, 3, 2, 0:00:19.909869
Sporobolomyces roseus, 1, 2, 0, 0:00:17.039282
Desmodesmus armatus, 1, 2, 1, 0:00:18.292517
Eleutheronema tetradactylum, 1, 1, 0, 0:00:16.173396
Leptidea juvernica, 1, 1, 1, 0:00:17.267946
Leptidea reali, 1, 1, 1, 0:00:18.332157
Leptidea sinapis, 1, 4, 0, 0:00:18.444828
Apodemus speciosus, 1, 1, 0, 0:00:16.059441
Apodemus sylvaticus, 1, 1, 0, 0:00:15.782962
Lutraria rhynchaena, 1, 1, 0, 0:00:16.495997
Ulmus americana, 1, 1, 0, 0:00:23.772709
0:00:14.085167
Trypanosoma cruzi, 1, 38, 16, 0:00:57.016210
